ID,Source,Req. Timestamp,Method,URL,Code,Reason,RTT,Size Resp. Body,Highest Alert,Note,Tags
1,Proxy,Wed Dec 18 18:01:18 IST 2024,GET,http://quiz-fe-test.hematitecorp.com/,200,OK,206,648,,false,
3,Proxy,Wed Dec 18 18:01:19 IST 2024,GET,http://quiz-fe-test.hematitecorp.com/static/css/main.bfa0d230.css,200,OK,151,3061,,false,
6,Proxy,Wed Dec 18 18:01:19 IST 2024,GET,http://quiz-fe-test.hematitecorp.com/static/js/main.dbe7cbc3.js,200,OK,1937,1321407,,false,
12,Proxy,Wed Dec 18 18:02:13 IST 2024,OPTIONS,http://quiz-be-test.hematitecorp.com/api/token/,200,OK,1123,0,,false,
16,Proxy,Wed Dec 18 18:02:14 IST 2024,POST,http://quiz-be-test.hematitecorp.com/api/token/,200,OK,268,489,,false,
17,Proxy,Wed Dec 18 18:02:15 IST 2024,OPTIONS,http://quiz-be-test.hematitecorp.com/api/user/me/,200,OK,61,0,,false,
20,Proxy,Wed Dec 18 18:02:15 IST 2024,GET,http://quiz-be-test.hematitecorp.com/api/user/me/,200,OK,67,164,,false,
21,Proxy,Wed Dec 18 18:02:17 IST 2024,OPTIONS,http://quiz-be-test.hematitecorp.com/api/user/,200,OK,61,0,,false,
22,Proxy,Wed Dec 18 18:02:17 IST 2024,GET,http://quiz-be-test.hematitecorp.com/api/user/me/,200,OK,109,164,,false,
23,Proxy,Wed Dec 18 18:02:17 IST 2024,GET,http://quiz-be-test.hematitecorp.com/api/user/,200,OK,77,3649,,false,
24,Proxy,Wed Dec 18 18:02:32 IST 2024,OPTIONS,http://quiz-be-test.hematitecorp.com/api/enroll/,200,OK,103,0,,false,
26,Proxy,Wed Dec 18 18:02:32 IST 2024,GET,http://quiz-be-test.hematitecorp.com/api/enroll/,200,OK,77,1977,,false,
27,Proxy,Wed Dec 18 18:02:35 IST 2024,GET,http://quiz-be-test.hematitecorp.com/api/user/,200,OK,97,3649,,false,
28,Proxy,Wed Dec 18 18:02:51 IST 2024,OPTIONS,http://quiz-be-test.hematitecorp.com/api/exam/,200,OK,92,0,,false,
29,Proxy,Wed Dec 18 18:02:51 IST 2024,OPTIONS,http://quiz-be-test.hematitecorp.com/api/question/,200,OK,93,0,,false,
32,Proxy,Wed Dec 18 18:02:51 IST 2024,GET,http://quiz-be-test.hematitecorp.com/api/question/,200,OK,72,340,,false,
33,Proxy,Wed Dec 18 18:02:51 IST 2024,GET,http://quiz-be-test.hematitecorp.com/api/exam/,200,OK,107,588,,false,
34,Proxy,Wed Dec 18 18:02:52 IST 2024,OPTIONS,http://quiz-be-test.hematitecorp.com/api/employee/,200,OK,66,0,,false,
36,Proxy,Wed Dec 18 18:02:52 IST 2024,GET,http://quiz-be-test.hematitecorp.com/api/user/,200,OK,90,3649,,false,
37,Proxy,Wed Dec 18 18:02:52 IST 2024,GET,http://quiz-be-test.hematitecorp.com/api/employee/,200,OK,82,515,,false,
38,Proxy,Wed Dec 18 18:02:53 IST 2024,GET,http://quiz-be-test.hematitecorp.com/api/exam/,200,OK,63,588,,false,
39,Proxy,Wed Dec 18 18:02:54 IST 2024,GET,http://quiz-be-test.hematitecorp.com/api/user/,200,OK,76,3649,,false,
40,Proxy,Wed Dec 18 18:02:54 IST 2024,GET,http://quiz-be-test.hematitecorp.com/api/employee/,200,OK,170,515,,false,
41,Proxy,Wed Dec 18 18:02:59 IST 2024,GET,http://quiz-be-test.hematitecorp.com/api/user/,200,OK,140,3649,,false,
42,Proxy,Wed Dec 18 18:03:29 IST 2024,GET,https://www.youtube.com/,200,OK,451,11085,,false,
45,Proxy,Wed Dec 18 18:03:34 IST 2024,GET,https://www.reddit.com/,302,Found,53,406,,false,
47,Proxy,Wed Dec 18 18:03:34 IST 2024,GET,https://www.reddit.com/?rdt=54440,200,OK,1161,774628,,false,
48,Proxy,Wed Dec 18 18:03:35 IST 2024,GET,https://www.redditstatic.com/shreddit/en-US/auth-flow-trigger-client-js-9b4f5887.js,200,OK,453,11075,,false,
49,Proxy,Wed Dec 18 18:03:35 IST 2024,GET,https://www.redditstatic.com/shreddit/en-US/shell-fa9f5a16.js,200,OK,532,11075,,false,
51,Proxy,Wed Dec 18 18:03:35 IST 2024,GET,https://www.redditstatic.com/shreddit/header-client-css-28ebcb96.css,200,OK,488,11075,,false,
52,Proxy,Wed Dec 18 18:03:35 IST 2024,GET,https://www.redditstatic.com/shreddit/qr-code-persistent-button-upsell-client-css-9bdb8806.css,200,OK,460,11075,,false,
53,Proxy,Wed Dec 18 18:03:35 IST 2024,GET,https://www.redditstatic.com/shreddit/header-large-client-css-64f76952.css,200,OK,463,11075,,false,
54,Proxy,Wed Dec 18 18:03:35 IST 2024,GET,https://www.redditstatic.com/shreddit/hui-grid-client-css-e2c3ddaa.css,200,OK,456,11075,,false,
55,Proxy,Wed Dec 18 18:03:35 IST 2024,GET,https://www.redditstatic.com/shreddit/en-US/feed-post-client-js-0ca67ce0.js,200,OK,455,11075,,false,
58,Proxy,Wed Dec 18 18:03:35 IST 2024,GET,https://www.redditstatic.com/shreddit/en-US/feed-ad-client-js-e0d8510d.js,200,OK,472,11075,,false,
59,Proxy,Wed Dec 18 18:03:35 IST 2024,GET,https://www.redditstatic.com/shreddit/en-US/dsa-transparency-modal-provider-client-js-7ede53a1.js,200,OK,505,11075,,false,
60,Proxy,Wed Dec 18 18:03:35 IST 2024,GET,https://www.redditstatic.com/shreddit/en-US/chat-channel-feed-element-client-js-72e2a927.js,200,OK,491,11075,,false,
61,Proxy,Wed Dec 18 18:03:36 IST 2024,GET,https://www.redditstatic.com/shreddit/en-US/media-lightbox-client-js-02d9b775.js,200,OK,536,11075,,false,
62,Proxy,Wed Dec 18 18:03:37 IST 2024,GET,https://www.redditstatic.com/shreddit/en-US/compact-post-community-recommendations-client-js-5ad804b1.js,200,OK,488,11075,,false,
70,Proxy,Wed Dec 18 18:03:38 IST 2024,GET,https://www.redditstatic.com/shreddit/en-US/list-style-community-recommendations-client-js-8a36c623.js,200,OK,499,11075,,false,
72,Proxy,Wed Dec 18 18:03:38 IST 2024,GET,https://emoji.redditmedia.com/vfl21p2py2v81_t5_2t8ga/BCCI,200,OK,609,11076,,false,
74,Proxy,Wed Dec 18 18:03:38 IST 2024,GET,https://emoji.redditmedia.com/nqletq05ja1c1_t5_2qhe0/CWC,200,OK,580,11076,,false,
88,Proxy,Wed Dec 18 18:03:38 IST 2024,GET,https://www.redditstatic.com/shreddit/en-US/qr-code-persistent-button-upsell-client-js-34ae245b.js,200,OK,505,11075,,false,
90,Proxy,Wed Dec 18 18:03:38 IST 2024,GET,https://www.redditstatic.com/shreddit/en-US/header-action-item-user-drawer-client-js-6e30207c.js,200,OK,554,11075,,false,
91,Proxy,Wed Dec 18 18:03:38 IST 2024,GET,https://www.redditstatic.com/shreddit/en-US/user-drawer-client-js-cadd3cbe.js,200,OK,534,11075,,false,
93,Proxy,Wed Dec 18 18:03:38 IST 2024,GET,https://www.redditstatic.com/shreddit/en-US/hui-translation-button-client-js-d618b2a7.js,200,OK,569,11075,,false,
98,Proxy,Wed Dec 18 18:03:38 IST 2024,GET,https://www.redditstatic.com/shreddit/en-US/header-large-client-js-22f16d78.js,200,OK,547,11075,,false,
102,Proxy,Wed Dec 18 18:03:39 IST 2024,GET,https://www.redditstatic.com/shreddit/en-US/deprecated-content-client-js-39df86d4.js,200,OK,495,11075,,false,
103,Proxy,Wed Dec 18 18:03:39 IST 2024,GET,https://www.redditstatic.com/shreddit/en-US/left-nav-resources-section-client-js-6c1ad030.js,200,OK,506,11075,,false,
104,Proxy,Wed Dec 18 18:03:39 IST 2024,GET,https://www.redditstatic.com/shreddit/en-US/left-nav-topics-section-client-js-e08f617d.js,200,OK,492,11075,,false,
105,Proxy,Wed Dec 18 18:03:39 IST 2024,GET,https://www.redditstatic.com/shreddit/en-US/hui-grid-client-js-a3425b68.js,200,OK,479,11075,,false,
106,Proxy,Wed Dec 18 18:03:39 IST 2024,GET,https://www.redditstatic.com/shreddit/en-US/trending-carousel-client-js-973eda7c.js,200,OK,481,11075,,false,
107,Proxy,Wed Dec 18 18:03:39 IST 2024,GET,https://www.redditstatic.com/shreddit/en-US/left-nav-client-js-4120c39d.js,200,OK,537,11075,,false,
108,Proxy,Wed Dec 18 18:03:39 IST 2024,GET,https://www.redditstatic.com/shreddit/en-US/popular-communities-client-js-6feb164b.js,200,OK,487,11075,,false,
109,Proxy,Wed Dec 18 18:03:40 IST 2024,GET,https://www.redditstatic.com/shreddit/en-US/auth-overlay-client-js-a8e95573.js,200,OK,522,11075,,false,
110,Proxy,Wed Dec 18 18:03:40 IST 2024,GET,https://www.redditstatic.com/shreddit/en-US/mod-content-state-indicators-client-js-08a5f9d7.js,200,OK,469,11075,,false,
111,Proxy,Wed Dec 18 18:03:40 IST 2024,GET,https://www.redditstatic.com/shreddit/en-US/mod-inline-actions-client-js-637c6f53.js,200,OK,529,11075,,false,
112,Proxy,Wed Dec 18 18:03:40 IST 2024,GET,https://www.redditstatic.com/shreddit/en-US/mod-removal-reason-form-client-js-ab63e2a9.js,200,OK,505,11075,,false,
113,Proxy,Wed Dec 18 18:03:40 IST 2024,GET,https://www.redditstatic.com/shreddit/en-US/popular-feed-client-js-c11995cf.js,200,OK,519,11075,,false,
118,Proxy,Wed Dec 18 18:04:50 IST 2024,GET,https://www.google.com/complete/search?client=firefox&q=fox,200,OK,111,281,,false,
121,Proxy,Wed Dec 18 18:04:50 IST 2024,GET,https://www.google.com/complete/search?client=firefox&q=foxy,200,OK,110,300,,false,
122,Proxy,Wed Dec 18 18:04:51 IST 2024,GET,https://www.google.com/complete/search?client=firefox&q=foxyp,200,OK,124,334,,false,
123,Proxy,Wed Dec 18 18:04:51 IST 2024,GET,https://www.google.com/complete/search?client=firefox&q=foxypr,200,OK,119,335,,false,
124,Proxy,Wed Dec 18 18:04:52 IST 2024,GET,https://www.google.com/complete/search?client=firefox&q=foxypro,200,OK,120,336,,false,
125,Proxy,Wed Dec 18 18:04:53 IST 2024,GET,https://www.google.com/complete/search?client=firefox&q=foxyprox,200,OK,115,337,,false,
126,Proxy,Wed Dec 18 18:04:53 IST 2024,GET,https://www.google.com/complete/search?client=firefox&q=foxyproxy,200,OK,114,338,,false,
127,Proxy,Wed Dec 18 18:04:56 IST 2024,GET,https://www.google.com/search?client=firefox-b-d&q=foxyproxy+extension+firefox,200,OK,1865,382233,,false,
128,Proxy,Wed Dec 18 18:04:58 IST 2024,POST,"https://www.google.com/gen_204?s=web&t=cap&atyp=csi&ei=ccFiZ5GyEJ6rur8P_pafmAQ&rt=wsrt.18,cbt.2000,hst.1995&opi=89978449&ts=0",204,No Content,85,0,,false,
129,Proxy,Wed Dec 18 18:04:58 IST 2024,GET,"https://www.google.com/xjs/_/ss/k=xjs.s.vltiUVU2Xbo.L.F4.O/am=AJA6BAgBAAAgAACAEABUABAAAAAAAAAAAAAAAAAAAAAAAAAAAEACAAAABAAAACQAACAAAAAgAgIQMwEAAAQvAABgFwAAAAAA-AAIpKMC0AAAECAABEACABAEAggAAsACAQAACAAAAEAsAABAAAAHAAACACgEAAAAMTAAAAYAAAABAAICCBJAAAYBoAEBkOCXabwAyA9AgQAABAAMABIARUA4wDAAQQUABjwAAgAAAAAAAAAAAAAIABACAAADUAAAMAAAoAeAAPABAEgCEQAgCABAgEIAEAAAAAQAAAAAIAACAQAAQk4AOAYGIADAAAAAAACQAAAAAMCQAgIAAAAAAAAAAAAAAAAARAAMAQAEBAAAAAAAAAAAAAAAAAAAAJACaII/d=1/ed=1/br=1/rs=ACT90oFX0vOlVzCExuGlRwzqXgzcgsysdA/m=attn,cdos,gwc,hsm,jsa,mb4ZUb,cEt90b,SNUn3,qddgKe,sTsDMc,dtl0hd,eHDfl,YV5bee,d,csi",200,OK,49,7768,,false,
139,Proxy,Wed Dec 18 18:04:58 IST 2024,POST,"https://www.google.com/gen_204?s=web&t=aft&atyp=csi&ei=ccFiZ5GyEJ6rur8P_pafmAQ&rt=wsrt.18,aft.2198,afti.2198,afts.2070,cbt.2000,frts.2019,frvt.2197,hst.1995,prt.2090,sct.2017&frtp=552&imn=11&ima=4&imad=0&imac=0&wh=910&aftie=2ahUKEwjRrsqhqrGKAxWele4BHX7LB0MQFnoECCgQAQ&aft=1&aftp=910&opi=89978449&ts=0",204,No Content,87,0,,false,
140,Proxy,Wed Dec 18 18:04:58 IST 2024,GET,"https://www.gstatic.com/og/_/ss/k=og.asy.rknHASSUHJI.L.F4.O/m=ll_tdm,adcgm3,ll_fw/excm=/d=1/ed=1/ct=zgms/rs=AA2YrTuPev7GzFe7ZBieieBks8Uk0Ryqig",200,OK,74,5244,,false,
143,Proxy,Wed Dec 18 18:04:58 IST 2024,GET,"https://www.gstatic.com/og/_/js/k=og.asy.en_US.tVea3jDa_xA.2019.O/rt=j/m=_ac,_awd,ada,lldp,qads/exm=/d=1/ed=1/rs=AA2YrTvMXWOLkn4e7OpuY6R5W-zhRj86_Q",200,OK,112,205531,,false,
163,Proxy,Wed Dec 18 18:04:58 IST 2024,GET,https://fonts.gstatic.com/s/googlesans/v29/4UaRrENHsxJlGDuGo1OIlJfC6mGS6vhAK1YobMu2vgCI.woff2,200,OK,101,24652,,false,
164,Proxy,Wed Dec 18 18:04:58 IST 2024,GET,https://www.google.com/pagead/1p-conversion/16521530460/?gad_source=1&adview_type=4&adview_query_id=CPuDzqGqsYoDFRUpRAgdTs4gjw,204,No Content,104,0,,false,
167,Proxy,Wed Dec 18 18:04:58 IST 2024,POST,https://csp.withgoogle.com/csp/gws/fff,204,No Content,286,0,,false,
170,Proxy,Wed Dec 18 18:04:59 IST 2024,GET,https://www.googleadservices.com/pagead/conversion/16521530460/?gad_source=1&adview_type=1&adview_query_id=CPuDzqGqsYoDFRUpRAgdTs4gjw,204,No Content,132,0,,false,
177,Proxy,Wed Dec 18 18:04:58 IST 2024,GET,"https://www.google.com/xjs/_/js/k=xjs.s.en_GB.pIkW1CnNxCw.2018.O/am=AAAAAAAAAAAAAAAAAAAAAAAAAAAAAAAAAAAAAAAAAAAAAAAAAAAAAAAABAAAAAAAAAAAAEAACgIQAAAAAACgAAAAAAAAAAAAAABIAAAAAAAAECAABEACAAAEAAAAAMACAAAILAABAgAEAAAAAAAEAAAAIEAEYL__OAAAAAAAAAAAAAQCABEAAAAAAHABABAE0d4AAQAAAAgAAAAMAAAAQAAAAAAAAAUAAAAAAAAAAAQAAAAAAAAABAAAAAABAPoBAAAAAAAAAAAAAAACAAAAAABggAIAAvgBAAAAAACAAwAAAAABAQAAOAYGIAAAAAAAAAD3AcDjAeGQwgIAAAAAAAAAAAAAAAABTBDMgfQHBCAAAAAAAAAAAAAAAAAAAJAiaOJyAgAC/d=1/ed=1/dg=3/br=1/rs=ACT90oE0-vUz9eOW64NmNlhTiIxYHBAJqg/ee=ALeJib:B8gLwd;AfeaP:TkrAjf;Afksuc:wMx0R;BMxAGc:E5bFse;BgS6mb:fidj5d;BjwMce:cXX2Wb;CxXAWb:YyRLvc;DM55c:imLrKe;DULqB:RKfG5c;Dkk6ge:JZmW9e;DpcR3d:zL72xf;EABSZ:MXZt9d;ESrPQc:mNTJvc;EVNhjf:pw70Gc;EmZ2Bf:zr1jrb;EnlcNd:WeHg4;F9mqte:UoRcbe;Fmv9Nc:O1Tzwc;FqHJkd:yQamIb;G0KhTb:LIaoZ;G6wU6e:hezEbd;GleZL:J1A7Od;HMDDWe:G8QUdb;HoYVKb:PkDN7e;HqeXPd:cmbnH;IBADCc:RYquRb;IZrNqe:P8ha2c;IoGlCf:b5lhvb;IsdWVc:qzxzOb;JXJSm:ii1RGf;JXS8fb:Qj0suc;JbMT3:M25sS;JsbNhc:Xd8iUd;K5nYTd:ZDZcre;KOxcK:OZqGte;KQzWid:ZMKkN;KcokUb:KiuZBf;KpRAue:Tia57b;LBgRLc:SdcwHb,XVMNvd;LEikZe:byfTOb,lsjVmc;LXA8b:q7OdKd;LsNahb:ucGLNb;Me32dd:MEeYgc;NPKaK:SdcwHb;NSEoX:lazG7b;Np8Qkd:Dpx6qc;Nyt6ic:jn2sGd;OgagBe:cNTe0;OohIYe:mpEAQb;Pjplud:EEDORb,PoEs9b;PqHfGe:im2cZe;Q1Ow7b:x5CSu;Q6C5kf:pfdZCe;QGR0gd:Mlhmy;R2kc8b:ALJqWb;R4IIIb:QWfeKf;R9Ulx:CR7Ufe;RCF5Sd:X1kBmd;RDNBlf:zPRCJb;SLtqO:Kh1xYe;SMDL4c:fTfGO,fTfGO;SNUn3:ZwDk9d,x8cHvb;ScI3Yc:e7Hzgb,e7Hzgb;ShpF6e:N0pvGc;SzQQ3e:dNhofb;TxfV6d:YORN0b;U96pRd:FsR04;UBKJZ:LGDJGb;UDrY1c:eps46d;UVmjEd:EesRsb;UVzb9c:IvPZ6d;Uvc8o:VDovNc;UyG7Kb:wQd0G;V2HTTe:RolTY;VGRfx:VFqbr;VN6jIc:ddQyuf;VOcgDe:YquhTb;VsAqSb:PGf2Re;VxQ32b:k0XsBb;WCEKNd:I46Hvd;WDGyFe:jcVOxd;Wfmdue:g3MJlb;XUezZ:sa7lqb;YIZmRd:A1yn5d;YV5bee:IvPZ6d;YkQtAf:rx8ur;ZMvdv:PHFPjb;ZSH6tc:QAvyLe;ZWEUA:afR4Cf;Zen4yb:jMF88c;ZlOOMb:P0I0Ec;a56pNe:JEfCwb;aAJE9c:WHW6Ef;aCJ9tf:qKftvc;aZ61od:arTwJ;af0EJf:ghinId;bDXwRe:UsyOtc;bFZ6gf:RsDQqe;bcPXSc:gSZLJb;cEt90b:ws9Tlc;cFTWae:gT8qnd;coJ8e:KvoW8;dIoSBb:ZgGg9b;dLlj2:Qqt3Gf;daB6be:lMxGPd;dowIGb:ebZ3mb,ebZ3mb;dtl0hd:lLQWFe;eBAeSb:Ck63tb;eBZ5Nd:audvde;eHDfl:ofjVkb;eO3lse:nFClrf;euOXY:OZjbQ;flqRgb:ox2Q7c;g8nkx:U4MzKc;gaub4:TN6bMe;gtVSi:ekUOYd;h3MYod:cEt90b;hK67qb:QWEO5b;heHB1:sFczq;hjRo6e:F62sG;hsLsYc:Vl118;iFQyKf:QIhFr,vfuNJf;imqimf:jKGL2e;jY0zg:Q6tNgc;k2Qxcb:XY51pe;kCQyJ:ueyPK;kbAm9d:MkHyGd;lOO0Vd:OTA3Ae;lbfkyf:MqGdUd;lkq0A:JyBE3e;mWzs9c:fz5ukf;mzW4Id:nYdusb;nAFL3:NTMZac,s39S4;nJw4Gd:dPFZH;oGtAuc:sOXFj;oSUNyd:fTfGO,fTfGO;oUlnpc:RagDlc;oVHXxc:HODIOb;okUaUd:wItadb;pKJiXd:VCenhc;pNsl2d:j9Yuyc;pXdRYb:JKoKVe;pj82le:ww04Df;qGV2uc:HHi04c;qZx2Fc:j0xrE;qaS3gd:yiLg6e;qafBPd:sgY6Zb,yDVVkb;qavrXe:zQzcXe;qddgKe:d7YSfd,x4FYXe;rQSrae:C6D5Fc;ropkZ:UT1DG;sTsDMc:kHVSUb;sZmdvc:rdGEfc;tGdRVe:CS1mob;tH4IIe:Ymry6;tosKvd:ZCqP3;trZL0b:qY8PFe;uknmt:GkPrzb;uuQkY:u2V3ud;vEYCNb:FaqsVd;vGrMZ:lPJJ0c;vfVwPd:lcrkwe;w3bZCb:ZPGaIb;w4rSdf:XKiZ9;w9w86d:dt4g2b;wQlYve:aLUfP;wR5FRb:O1Gjze,TtcOte;wV5Pjc:L8KGxe;xBbsrc:NEW1Qc;xbe2wc:wbTLEd;ysNiMc:CpIBjd;yxTchf:KUM7Z;z97YGf:oug9te;zOsCQe:Ko78Df;zaIgPb:Qtpxbd/m=attn,cdos,gwc,hsm,jsa,mb4ZUb,cEt90b,SNUn3,qddgKe,sTsDMc,dtl0hd,eHDfl,YV5bee,d,csi",200,OK,466,1302866,,false,
179,Proxy,Wed Dec 18 18:04:59 IST 2024,OPTIONS,https://ogads-pa.googleapis.com/$rpc/google.internal.onegoogle.asyncdata.v1.AsyncDataService/GetAsyncData,200,OK,103,0,,false,
196,Proxy,Wed Dec 18 18:04:59 IST 2024,POST,https://ogads-pa.googleapis.com/$rpc/google.internal.onegoogle.asyncdata.v1.AsyncDataService/GetAsyncData,200,OK,58,53,,false,
207,Proxy,Wed Dec 18 18:04:59 IST 2024,GET,https://www.google.com/compressiontest/gzip.html,200,OK,65,15,,false,
209,Proxy,Wed Dec 18 18:04:59 IST 2024,POST,"https://www.google.com/gen_204?atyp=csi&ei=ccFiZ5GyEJ6rur8P_pafmAQ&s=web&t=all&frtp=552&imn=11&ima=4&imad=0&imac=0&wh=910&aftie=2ahUKEwjRrsqhqrGKAxWele4BHX7LB0MQFnoECCgQAQ&aft=1&aftp=910&adh=tv.6,t.6&ime=0&imex=0&imeh=0&imeha=0&imehb=0&imea=0&imeb=3&imel=0&imed=0&imeeb=0&scp=0&fld=1569&cb=382233&ucb=382233&ts=383670&hp=&sys=hc.4&p=bs.false&rt=hst.1995,cbt.2000,sct.2017,frts.2019,prt.2090,frvt.2197,afti.2198,aftip.2197,afts.2070,aft.2198,aftqf.2200,dcl.2425,xjspls.2525,xjsls.2525,xjses.3457,xjsee.3669,xjs.3670,wsrt.18,cst.0,dnst.1,rqst.1934,rspt.1933,sslt.5,rqstt.17,unt.0,cstt.5,dit.2440&zx=1734525299819&opi=89978449",204,No Content,106,0,,false,
213,Proxy,Wed Dec 18 18:05:00 IST 2024,GET,https://www.google.com/complete/search?q&cp=0&client=gws-wiz-serp&xssi=t&gs_pcrt=2&hl=en-IN&authuser=0&psi=ccFiZ5GyEJ6rur8P_pafmAQ.1734525300124&dpr=1&nolsbt=1,200,OK,233,1009,,false,
214,Proxy,Wed Dec 18 18:05:00 IST 2024,GET,https://www.google.com/complete/search?q=foxyproxy%20extension%20firefox&cp=0&client=desktop-gws-wiz-on-focus-serp&xssi=t&gs_pcrt=3&hl=en-IN&authuser=0&pq=foxyproxy%20extension%20firefox&psi=ccFiZ5GyEJ6rur8P_pafmAQ.1734525300124&dpr=1&ofp=EAEY-ZzygMvM8cciGNT30un55JGceBiIkPezx4yQhS4YhLmk-ZTGgYHGARips8a8ieelmtoBMs8BChIKEGZveHlwcm94eSBjaHJvbWUKFAoSZm94eXByb3h5IHN0YW5kYXJkCh4KHGZveHlwcm94eSBleHRlbnNpb24gZG93bmxvYWQKGQoXZmlyZWZveCBwcm94eSBleHRlbnNpb24KEwoRZm94eXByb3h5IG9wdGlvbnMKIAoeZG93bmxvYWQgZm94eXByb3h5IGZvciBtb3ppbGxhCh4KHGZveHlwcm94eSBmaXJlZm94IGJ1cnAgc3VpdGUKDwoNZm94eXByb3h5IHZwbhBH,200,OK,67,945,,false,
223,Proxy,Wed Dec 18 18:05:00 IST 2024,GET,"https://www.google.com/xjs/_/js/k=xjs.s.en_GB.pIkW1CnNxCw.2018.O/ck=xjs.s.vltiUVU2Xbo.L.F4.O/am=AJA6BAgBAAAgAACAEABUABAAAAAAAAAAAAAAAAAAAAAAAAAAAEACAAAABAAAACQAACAAAEAgCgIQMwEAAASvAABgFwAAAAAA-ABIpKMC0AAAECAABEACABAEAggAAsACAQAILAABAkAsAABAAAAHAAACIGgEYL__OTAAAAYAAAABAAYCCBNAAAYBoHEBkPCX-f4AyQ9AgQgABAAMABIARUA4wDAAQQUABjwAAgAAAAQAAAAAAAAIBBACAAADUPoBMAAAoAeAAPABAEgCEQAgCABggEIAEvgBAAQAAACAIwACAQABQ04AOAYGIADAAAAAAAD3AcDjAeGQwgIAAAAAAAAAAAAAAAABTBDMgfQHBCAAAAAAAAAAAAAAAAAAAJAiaOJyAgAC/d=0/dg=0/br=1/ujg=1/rs=ACT90oEoxocma22QLdLvo-HJAjPTJHFcZg/m=UMk45c,bplExb,nMfLA,O19q8,Grwmle,xMHx5e,R6UkWb,tW711b,UX8qee,tDA9G,sy38b,sy387,sy386,syyy,sy2uh,sy2ui,sy2uj,syjx,sy3yn,sy3ym,sy384,sy15e,sy12t,sy12l,sy12u,sy12r,sy12p,sy2uk,sy15d,syi2,Eox39d,sy7t,sy7s,syho,syhk,syhl,syhj,syhx,syhv,syhu,syht,syhp,syhi,sybj,sybe,sydh,sydi,syc3,syc0,sybt,sybw,sybv,sybs,sybr,sybh,sybp,syby,syc2,syc1,sybc,sybk,sybi,sybg,syb6,syb3,syb2,syab,syb0,sy9w,sydt,syag,syal,sydk,syde,syd2,syd6,syb5,syd3,sycq,sycr,sycx,sycw,syco,sy9v,sycp,sycg,sycf,sycv,sycs,syce,sycd,sycc,syc9,syca,sycb,syc5,syc6,syc7,syb9,syct,syh8,syhh,syhd,syhe,sy8h,sy8d,sy8g,syha,syfo,syhf,syh9,syh7,syh4,syh3,syh2,syh1,sy8k,uxMpU,sygx,sydw,sydr,syds,sydl,sydu,sydo,syb7,syb8,syc8,sydp,sydf,sy8z,sy8y,sy8x,sy8w,Mlhmy,QGR0gd,aurFic,sy98,fKUV3e,OTA3Ae,sy7u,OmgaI,EEDORb,PoEs9b,Pjplud,sy8t,sy8p,sy8n,A1yn5d,YIZmRd,uY49fb,sy7k,sy7i,sy7d,sy7h,sy7g,sy7e,byfTOb,lsjVmc,LEikZe,kWgXee,ovKuLd,sgY6Zb,sy97,sy9a,sy8j,xUdipf,NwH0H,gychg,ZfAoz,yDVVkb,qafBPd,ebZ3mb,dowIGb,sy69b,sy3wp,DpX64d,uKlGbf,sy69c,EufiNb,sy63y,sy2nr,sy2l7,syv3,tIj4fb,sy3vu,sy1h4,sy1h3,w4UyN,sy3zn,sy3zm,sy3zl,sy3zk,SJpD2c,sy608,sy5tx,sy137,sy130,sy132,syku?xjs=s3",200,OK,229,237456,,false,
231,Proxy,Wed Dec 18 18:05:00 IST 2024,GET,"https://www.google.com/xjs/_/js/k=xjs.s.en_GB.pIkW1CnNxCw.2018.O/ck=xjs.s.vltiUVU2Xbo.L.F4.O/am=AJA6BAgBAAAgAACAEABUABAAAAAAAAAAAAAAAAAAAAAAAAAAAEACAAAABAAAACQAACAAAEAgCgIQMwEAAASvAABgFwAAAAAA-ABIpKMC0AAAECAABEACABAEAggAAsACAQAILAABAkAsAABAAAAHAAACIGgEYL__OTAAAAYAAAABAAYCCBNAAAYBoHEBkPCX-f4AyQ9AgQgABAAMABIARUA4wDAAQQUABjwAAgAAAAQAAAAAAAAIBBACAAADUPoBMAAAoAeAAPABAEgCEQAgCABggEIAEvgBAAQAAACAIwACAQABQ04AOAYGIADAAAAAAAD3AcDjAeGQwgIAAAAAAAAAAAAAAAABTBDMgfQHBCAAAAAAAAAAAAAAAAAAAJAiaOJyAgAC/d=0/dg=0/br=1/ujg=1/rs=ACT90oEoxocma22QLdLvo-HJAjPTJHFcZg/m=UMk45c,bplExb,nMfLA,O19q8,Grwmle,xMHx5e,R6UkWb,tW711b,UX8qee,tDA9G,sy38b,sy387,sy386,syyy,sy2uh,sy2ui,sy2uj,syjx,sy3yn,sy3ym,sy384,sy15e,sy12t,sy12l,sy12u,sy12r,sy12p,sy2uk,sy15d,syi2,Eox39d,sy7t,sy7s,syho,syhk,syhl,syhj,syhx,syhv,syhu,syht,syhp,syhi,sybj,sybe,sydh,sydi,syc3,syc0,sybt,sybw,sybv,sybs,sybr,sybh,sybp,syby,syc2,syc1,sybc,sybk,sybi,sybg,syb6,syb3,syb2,syab,syb0,sy9w,sydt,syag,syal,sydk,syde,syd2,syd6,syb5,syd3,sycq,sycr,sycx,sycw,syco,sy9v,sycp,sycg,sycf,sycv,sycs,syce,sycd,sycc,syc9,syca,sycb,syc5,syc6,syc7,syb9,syct,syh8,syhh,syhd,syhe,sy8h,sy8d,sy8g,syha,syfo,syhf,syh9,syh7,syh4,syh3,syh2,syh1,sy8k,uxMpU,sygx,sydw,sydr,syds,sydl,sydu,sydo,syb7,syb8,syc8,sydp,sydf,sy8z,sy8y,sy8x,sy8w,Mlhmy,QGR0gd,aurFic,sy98,fKUV3e,OTA3Ae,sy7u,OmgaI,EEDORb,PoEs9b,Pjplud,sy8t,sy8p,sy8n,A1yn5d,YIZmRd,uY49fb,sy7k,sy7i,sy7d,sy7h,sy7g,sy7e,byfTOb,lsjVmc,LEikZe,kWgXee,ovKuLd,sgY6Zb,sy97,sy9a,sy8j,xUdipf,NwH0H,gychg,ZfAoz,yDVVkb,qafBPd,ebZ3mb,dowIGb,sy69b,sy3wp,DpX64d,uKlGbf,sy69c,EufiNb,sy63y,sy2nr,sy2l7,syv3,tIj4fb,sy3vu,sy1h4,sy1h3,w4UyN,sy3zn,sy3zm,sy3zl,sy3zk,SJpD2c,sy608,sy5tx,sy137,sy130,sy132,syku?xjs=s3",200,OK,31,237456,,false,
232,Proxy,Wed Dec 18 18:05:00 IST 2024,POST,"https://www.google.com/gen_204?atyp=i&ei=ccFiZ5GyEJ6rur8P_pafmAQ&ct=slh&v=t1&m=HV&aqid=ccFiZ7uHFJXSkPIPzpyD-Qg&pv=0.6439815325784035&me=1:1734525298187,V,0,0,1280,910:0,B,2555:0,N,1,ccFiZ5GyEJ6rur8P_pafmAQ:0,R,1,8,90,36,92,34:0,R,1,CBUQAA,90,88,960,57:0,R,1,CBUQAQ,90,88,841,45:0,R,1,CBwQAA,80,88,35,45:0,R,1,CBwQAQ,80,102,35,31:0,R,1,CBsQAA,117,90,65,42:0,R,1,CBsQAQ,117,90,65,42:0,R,1,CBkQAA,184,90,63,42:0,R,1,CBkQAQ,184,90,63,42:0,R,1,CBoQAA,249,90,80,42:0,R,1,CBoQAQ,249,90,80,42:0,R,1,CBgQAA,331,90,53,42:0,R,1,CBgQAQ,331,90,53,42:0,R,1,CBcQAA,386,90,49,42:0,R,1,CBcQAQ,386,90,49,42:0,R,1,CBYQAA,437,90,59,42:0,R,1,CBYQAQ,437,90,59,42:0,R,1,CAYQBw,90,163,652,1830:0,R,1,CAoQAA,90,163,652,343:0,R,1,CA8QAA,90,163,652,117:0,R,1,CCYQAA,90,550,652,117:0,R,1,CCIQAA,90,697,652,117:0,R,1,CCwQAA,90,843,652,117:1892,x:105,G,1,CA8QAA,108,51,1:0,c,197,214:0,G,1,CA8QAA,108,51:0,G,1,CAoQAA,108,51:0,G,1,CAYQBw,108,51:80,e,C&zx=1734525300265&opi=89978449",204,No Content,108,0,,false,
233,Proxy,Wed Dec 18 18:05:00 IST 2024,GET,https://www.google.com/gen_204?atyp=i&ct=psnt&cad=&nt=navigate&ei=ccFiZ5GyEJ6rur8P_pafmAQ&zx=1734525300236&opi=89978449,204,No Content,42,0,,false,
234,Proxy,Wed Dec 18 18:05:00 IST 2024,GET,https://www.google.com/xjs/_/js/md=2/k=xjs.s.en_GB.pIkW1CnNxCw.2018.O/am=AAAAAAAAAAAAAAAAAAAAAAAAAAAAAAAAAAAAAAAAAAAAAAAAAAAAAAAABAAAAAAAAAAAAEAACgIQAAAAAACgAAAAAAAAAAAAAABIAAAAAAAAECAABEACAAAEAAAAAMACAAAILAABAgAEAAAAAAAEAAAAIEAEYL__OAAAAAAAAAAAAAQCABEAAAAAAHABABAE0d4AAQAAAAgAAAAMAAAAQAAAAAAAAAUAAAAAAAAAAAQAAAAAAAAABAAAAAABAPoBAAAAAAAAAAAAAAACAAAAAABggAIAAvgBAAAAAACAAwAAAAABAQAAOAYGIAAAAAAAAAD3AcDjAeGQwgIAAAAAAAAAAAAAAAABTBDMgfQHBCAAAAAAAAAAAAAAAAAAAJAiaOJyAgAC/rs=ACT90oE0-vUz9eOW64NmNlhTiIxYHBAJqg,200,OK,89,18163,,false,
238,Proxy,Wed Dec 18 18:05:00 IST 2024,GET,"https://www.google.com/xjs/_/js/k=xjs.s.en_GB.pIkW1CnNxCw.2018.O/ck=xjs.s.vltiUVU2Xbo.L.F4.O/am=AJA6BAgBAAAgAACAEABUABAAAAAAAAAAAAAAAAAAAAAAAAAAAEACAAAABAAAACQAACAAAEAgCgIQMwEAAASvAABgFwAAAAAA-ABIpKMC0AAAECAABEACABAEAggAAsACAQAILAABAkAsAABAAAAHAAACIGgEYL__OTAAAAYAAAABAAYCCBNAAAYBoHEBkPCX-f4AyQ9AgQgABAAMABIARUA4wDAAQQUABjwAAgAAAAQAAAAAAAAIBBACAAADUPoBMAAAoAeAAPABAEgCEQAgCABggEIAEvgBAAQAAACAIwACAQABQ04AOAYGIADAAAAAAAD3AcDjAeGQwgIAAAAAAAAAAAAAAAABTBDMgfQHBCAAAAAAAAAAAAAAAAAAAJAiaOJyAgAC/d=0/dg=0/br=1/ujg=1/rs=ACT90oEoxocma22QLdLvo-HJAjPTJHFcZg/m=sya8,syap,sy551,sy2ay,sy2b5,sy24m,syck,syax,syav,syah,syau,syak,syaj,syai,sy9y,sy9o,sy1i3,syyq,syvn,syfh,bEGPrc,sy1ix,sy60a,sy609,mBG1hd,sy60b,mscaJf,sy60f,sGwFce,HxbScf,kQvlef,eAR4Hf,sy60g,h3zgVb,lRePd,sy3ze,nN2e1e,sy60c,sy60h,IRJCef,sy60e,sy60d,scFHte,pr5okc,IFqxxc,sy3zf,OXpAmf,sy60i,sy3vw,sy3vp,sy3vo,sy1i5,sy1i6,syzn,syzo,syzm,syzp,syzl,syzq,syzd,syzc,syze,syzr,syzs,GElbSc,syv7,syv5,syv4,syv2,DPreE,sy60v,xdV1C,sy68z,HYSCof,sy6sb,sy3b3,sy22z,sy1gj,syiz,syiy,syix,syib,syic,syia,syid,syi9,syij,syig,syif,syie,syi1,syiw,syip,syim,syil,syih,syi6,syi3,syi0,syi5,KSk4yc,sy3a3,msmzHf,sy7l4,sy2uu,SC7lYd,sy7qt,pHXghd?xjs=s3",200,OK,170,163167,,false,
239,Proxy,Wed Dec 18 18:05:01 IST 2024,GET,https://www.google.com/xjs/_/ss/k=xjs.s.vltiUVU2Xbo.L.F4.O/am=AJA6BAgBAAAgAACAEABUABAAAAAAAAAAAAAAAAAAAAAAAAAAAEACAAAABAAAACQAACAAAAAgAgIQMwEAAAQvAABgFwAAAAAA-AAIpKMC0AAAECAABEACABAEAggAAsACAQAACAAAAEAsAABAAAAHAAACACgEAAAAMTAAAAYAAAABAAICCBJAAAYBoAEBkOCXabwAyA9AgQAABAAMABIARUA4wDAAQQUABjwAAgAAAAAAAAAAAAAIABACAAADUAAAMAAAoAeAAPABAEgCEQAgCABAgEIAEAAAAAQAAAAAIAACAQAAQk4AOAYGIADAAAAAAACQAAAAAMCQAgIAAAAAAAAAAAAAAAAARAAMAQAEBAAAAAAAAAAAAAAAAAAAAJACaII/d=0/br=1/rs=ACT90oFX0vOlVzCExuGlRwzqXgzcgsysdA/m=sy110?xjs=s4,200,OK,42,198,,false,
243,Proxy,Wed Dec 18 18:05:01 IST 2024,POST,"https://www.google.com/gen_204?atyp=csi&ei=ccFiZ5GyEJ6rur8P_pafmAQ&s=jsa&jsi=s,st.3764,t.1217,at.1217,et.click,n.msmzHf,cn.1,ie.1,vi.1&zx=1734525301082&opi=89978449",204,No Content,43,0,,false,
244,Proxy,Wed Dec 18 18:05:01 IST 2024,GET,"https://www.google.com/xjs/_/ss/k=xjs.s.vltiUVU2Xbo.L.F4.O/am=AJA6BAgBAAAgAACAEABUABAAAAAAAAAAAAAAAAAAAAAAAAAAAEACAAAABAAAACQAACAAAAAgAgIQMwEAAAQvAABgFwAAAAAA-AAIpKMC0AAAECAABEACABAEAggAAsACAQAACAAAAEAsAABAAAAHAAACACgEAAAAMTAAAAYAAAABAAICCBJAAAYBoAEBkOCXabwAyA9AgQAABAAMABIARUA4wDAAQQUABjwAAgAAAAAAAAAAAAAIABACAAADUAAAMAAAoAeAAPABAEgCEQAgCABAgEIAEAAAAAQAAAAAIAACAQAAQk4AOAYGIADAAAAAAACQAAAAAMCQAgIAAAAAAAAAAAAAAAAARAAMAQAEBAAAAAAAAAAAAAAAAAAAAJACaII/d=0/br=1/rs=ACT90oFX0vOlVzCExuGlRwzqXgzcgsysdA/m=L1AAkb,y05UD,sy5h1,sy1ad,sy1me,sy1x6,sy1dq,sy1nt,sy1m8,sy1mf,sy1ms,sy17v,sy2el,sy1m4,sy1ry,sy2ec,epYOx?xjs=s4",200,OK,69,4756,,false,
245,Proxy,Wed Dec 18 18:05:01 IST 2024,GET,"https://www.google.com/xjs/_/js/k=xjs.s.en_GB.pIkW1CnNxCw.2018.O/am=AAAAAAAAAAAAAAAAAAAAAAAAAAAAAAAAAAAAAAAAAAAAAAAAAAAAAAAABAAAAAAAAAAAAEAACgIQAAAAAACgAAAAAAAAAAAAAABIAAAAAAAAECAABEACAAAEAAAAAMACAAAILAABAgAEAAAAAAAEAAAAIEAEYL__OAAAAAAAAAAAAAQCABEAAAAAAHABABAE0d4AAQAAAAgAAAAMAAAAQAAAAAAAAAUAAAAAAAAAAAQAAAAAAAAABAAAAAABAPoBAAAAAAAAAAAAAAACAAAAAABggAIAAvgBAAAAAACAAwAAAAABAQAAOAYGIAAAAAAAAAD3AcDjAeGQwgIAAAAAAAAAAAAAAAABTBDMgfQHBCAAAAAAAAAAAAAAAAAAAJAiaOJyAgAC/d=0/dg=0/br=1/rs=ACT90oE0-vUz9eOW64NmNlhTiIxYHBAJqg/m=sb_wiz,aa,abd,sy2px,syye,syyd,syy7,syyc,syyf,async,sy13q,bgd,sy7y6,foot,sy1xm,kyn,sy1rm,sy2lr,lli,sf,sylk,syll,sy4oc,tl,syx8,syx7,rtH1bd,sy3ag,sy3ae,syy8,syya,syxh,syxe,sy3af,syz4,EkevXb,syw2,syvy,syvx,syw1,syw0,syvz,syvt,syvk,SMquOb,syxf,syxb,syxd,d5EhJe,sy1iu,fCxEDd,syys,sy1is,sy1ir,sy1iq,sy1ip,sy1io,sy1in,sy1ij,sy1af,sy1ah,sy1ag,sy1ae,syxo,syvw,syxl,syxq,T1HOxc,syxm,syxk,zx30Y,sy1iw,sy1iv,sy1ig,Wo3n8,sy159,L1AAkb,sy1lg,fiAufb,sy1jq,SZXsif,sy7ns,sy7yl,sy69q,sy3k0,syx5,sYEX8b,ma4xG,syjk,syjl,syfn,syfd,syfc,syfk,sykx,syky,syvd,NO84gd,sykr,sykp,sykq,sykw,sykm,sykn,syks,syj0,E9M6Uc,b5lhvb,IoGlCf,syv9,syv8,C8HsP,syvg,syve,sykz,gOTY1,sywe,sywa,sywc,sywb,syjh,syjm,sywf,syw9,syw7,syw6,syw4,syvi,syvj,syvh,syw8,PbHo4e,sy860,sy861,sy6zr,ND0kmf,sy5jb,syjf,zGLm3b,sy3d0,sy3ct,sy3cu,sy2vv,sy1e4,sy15l,sy3cz,sy3df,sy3de,sy3cq,sy3dc,sy3db,KHourd,sy6s2,vrkJ0e,sy40k,T5VV,sy2ur,aDVF7,sy6ny,rhYw1b,d6FVZd,v5smjd,sy40b,nC8Lwf,yb08jf,sy40e,sy3kk,oPmHrb,sy2lp,sy2md,Tia57b,KpRAue,sy2lt,syk8,sy2ls,sy2m2,sy2me,NyeqM,sy3d5,sy3d4,sy3cy,O9SqHb,M6QgBb,sy17m,sy17l,sy17g,sy148,sy147,sy17k,sy17j,sy17b,EO13pd,sy2pk,I9y8sd,MpJwZc,UUJqVe,sy7x,sOXFj,sy7w,s39S4?xjs=s4",200,OK,176,288899,,false,
250,Proxy,Wed Dec 18 18:05:01 IST 2024,POST,"https://www.google.com/gen_204?atyp=i&ei=ccFiZ5GyEJ6rur8P_pafmAQ&ct=slh&v=t1&im=M&aqid=ccFiZ7uHFJXSkPIPzpyD-Qg&pv=0.6439815325784035&me=34:1734525301312,e,H&zx=1734525301313&opi=89978449",204,No Content,56,0,,false,
251,Proxy,Wed Dec 18 18:05:00 IST 2024,POST,https://play.google.com/log?format=json&hasfast=true,200,OK,798,11083,,false,
253,Proxy,Wed Dec 18 18:05:01 IST 2024,POST,"https://www.google.com/gen_204?atyp=i&ei=ccFiZ5GyEJ6rur8P_pafmAQ&ct=fa&vt=paq:%5B0,0,null,null,0,null,null,%5B1,null,null,%22ccFiZ7uHFJXSkPIPzpyD-Qg%22,1734525301559,1734525300184%5D%5D&pvt=3370&s=0&pv=52997&authuser=0&zx=1734525301562&opi=89978449",204,No Content,45,0,,false,
254,Proxy,Wed Dec 18 18:05:01 IST 2024,GET,https://www.googletagmanager.com/gtag/js?id=G-B9CY1C9VBC,200,OK,224,329401,,false,
257,Proxy,Wed Dec 18 18:05:02 IST 2024,GET,https://www.google-analytics.com/analytics.js,200,OK,85,52916,,false,
259,Proxy,Wed Dec 18 18:05:02 IST 2024,POST,https://www.google-analytics.com/g/collect?v=2&tid=G-B9CY1C9VBC&gtm=45je4cc1v9100296661za200&_p=1734525302150&gcd=13l3l3l3l1l1&npa=0&dma=0&tag_exp=101925629~102067555~102067808~102081485~102198178&cid=1389089652.1734525303&ul=en-us&sr=1280x1024&lps=1&frm=0&pscdl=noapi&_s=1&sid=1734525302&sct=1&seg=0&dl=https%3A%2F%2Faddons.mozilla.org%2Fen-US%2Ffirefox%2Faddon%2Ffoxyproxy-standard%2F&dr=https%3A%2F%2Fwww.google.com%2F&dt=FoxyProxy%20Standard%20%E2%80%93%20Get%20this%20Extension%20for%20%F0%9F%A6%8A%20Firefox%20(en-US)&en=page_view&_fv=1&_nsi=1&_ss=1&_ee=1&tfd=2466,204,No Content,93,0,,false,
261,Proxy,Wed Dec 18 18:05:03 IST 2024,POST,https://www.google-analytics.com/j/collect?v=1&_v=j101&a=647343195&t=pageview&_s=1&dl=https%3A%2F%2Faddons.mozilla.org%2Fen-US%2Ffirefox%2Faddon%2Ffoxyproxy-standard%2F&dr=https%3A%2F%2Fwww.google.com%2F&ul=en-us&de=UTF-8&dt=FoxyProxy%20Standard%20%E2%80%93%20Get%20this%20Extension%20for%20%F0%9F%A6%8A%20Firefox%20(en-US)&sd=24-bit&sr=1280x1024&vp=1263x910&je=0&_u=YADAAEABAAAAACAAI~&jid=1759260205&gjid=1954207772&cid=1389089652.1734525303&tid=UA-36116321-7&_gid=912880499.1734525303&_r=1&z=1092650432,200,OK,39,1,,false,
264,Proxy,Wed Dec 18 18:05:05 IST 2024,POST,https://www.google-analytics.com/g/collect?v=2&tid=G-B9CY1C9VBC&gtm=45je4cc1v9100296661za200&_p=1734525302150&gcd=13l3l3l3l1l1&npa=0&dma=0&tag_exp=101925629~102067555~102067808~102081485~102198178&cid=1389089652.1734525303&ul=en-us&sr=1280x1024&lps=1&frm=0&pscdl=noapi&_s=2&sid=1734525302&sct=1&seg=0&dl=https%3A%2F%2Faddons.mozilla.org%2Fen-US%2Ffirefox%2Faddon%2Ffoxyproxy-standard%2F&dr=https%3A%2F%2Fwww.google.com%2F&dt=FoxyProxy%20Standard%20%E2%80%93%20Get%20this%20Extension%20for%20%F0%9F%A6%8A%20Firefox%20(en-US)&en=AMO%20Addon%20%2F%20Recommendations%20Shown&_ee=1&ep.eventAction=recommended_fallback-no_results&ep.eventCategory=AMO%20Addon%20%2F%20Recommendations%20Shown&ep.eventLabel=foxyproxy%40eric.h.jung&ep.hitType=event&_et=447&tfd=4784,204,No Content,55,0,,false,
265,Proxy,Wed Dec 18 18:05:05 IST 2024,POST,https://www.google-analytics.com/g/collect?v=2&tid=G-B9CY1C9VBC&gtm=45je4cc1v9100296661za200&_p=1734525302150&gcd=13l3l3l3l1l1&npa=0&dma=0&tag_exp=101925629~102067555~102067808~102081485~102198178&cid=1389089652.1734525303&ul=en-us&sr=1280x1024&lps=1&frm=0&pscdl=noapi&_s=3&sid=1734525302&sct=1&seg=0&dl=https%3A%2F%2Faddons.mozilla.org%2Fen-US%2Ffirefox%2Faddon%2Ffoxyproxy-standard%2F&dr=https%3A%2F%2Fwww.google.com%2F&dt=FoxyProxy%20Standard%20%E2%80%93%20Get%20this%20Extension%20for%20%F0%9F%A6%8A%20Firefox%20(en-US)&en=AMO%20Download%20Firefox&_c=1&_ee=1&ep.eventAction=download-firefox-click&ep.eventCategory=AMO%20Download%20Firefox&ep.eventLabel=foxyproxy%40eric.h.jung&ep.hitType=event&_et=1862&tfd=4785,204,No Content,97,0,,false,
267,Proxy,Wed Dec 18 18:05:05 IST 2024,GET,https://www.mozilla.org/firefox/download/thanks/?s=direct&utm_campaign=amo-fx-cta-2464&utm_content=rta%3AZm94eXByb3h5QGVyaWMuaC5qdW5n&utm_medium=referral&utm_source=addons.mozilla.org,302,Found,486,0,,false,
272,Proxy,Wed Dec 18 18:05:05 IST 2024,GET,https://www.mozilla.org/en-US/firefox/download/thanks/?s=direct&utm_campaign=amo-fx-cta-2464&utm_content=rta%3AZm94eXByb3h5QGVyaWMuaC5qdW5n&utm_medium=referral&utm_source=addons.mozilla.org,200,OK,1530,60705,,false,
277,Proxy,Wed Dec 18 18:05:07 IST 2024,GET,https://www.mozilla.org/media/css/protocol-emphasis-box.4ddd0fb346b4.css,200,OK,15,468,,false,
280,Proxy,Wed Dec 18 18:05:07 IST 2024,GET,https://www.mozilla.org/media/js/stub-attribution.315d9501888d.js,200,OK,17,6633,,false,
282,Proxy,Wed Dec 18 18:05:07 IST 2024,GET,https://www.mozilla.org/media/css/firefox_desktop_download_thanks.28b0e629b816.css,200,OK,21,9540,,false,
283,Proxy,Wed Dec 18 18:05:07 IST 2024,GET,https://www.mozilla.org/media/js/firefox_new_thanks_direct.53855e511e3b.js,200,OK,23,2123,,false,
284,Proxy,Wed Dec 18 18:05:07 IST 2024,GET,https://www.mozilla.org/media/js/gtm-snippet.b5b7c885f8fa.js,200,OK,72,1377,,false,
291,Proxy,Wed Dec 18 18:05:07 IST 2024,GET,https://www.mozilla.org/media/fonts/m24/mozilla-text/MozillaText-SemiBold.c9ce5296db65.woff2,200,OK,31,26260,,false,
301,Proxy,Wed Dec 18 18:05:07 IST 2024,GET,https://www.googletagmanager.com/gtm.js?id=GTM-MW3R8V&l=dataLayer,200,OK,157,241482,,false,
310,Proxy,Wed Dec 18 18:05:07 IST 2024,GET,https://www.mozilla.org/en-US/firefox/stub_attribution_code/?utm_source=addons.mozilla.org&utm_medium=referral&utm_campaign=amo-fx-cta-2464&utm_content=rta%253AZm94eXByb3h5QGVyaWMuaC5qdW5n&referrer=https%3A%2F%2Faddons.mozilla.org%2F&ua=other&dlsource=mozorg,200,OK,241,407,,false,
312,Proxy,Wed Dec 18 18:05:07 IST 2024,POST,https://www.mozilla.org/submit/bedrock/events/1/37665580-d0b1-4c4f-8719-cf16244a07e5,200,OK,313,0,,false,
317,Proxy,Wed Dec 18 18:05:08 IST 2024,GET,https://www.googletagmanager.com/gtag/js?id=G-MQ7767QQQW&l=dataLayer&cx=c&gtm=45He4cc1v71075029za200,200,OK,228,466524,,false,
318,Proxy,Wed Dec 18 18:05:08 IST 2024,POST,https://www.google-analytics.com/g/collect?v=2&tid=G-MQ7767QQQW&gtm=45je4cc1v877483787z871075029za200zb71075029&_p=1734525307729&gcd=13l3l3l3l1l1&npa=0&dma=0&tag_exp=101925629~102067555~102067808~102081485~102114365~102198178&cid=1389089652.1734525303&ul=en-us&frm=0&pscdl=noapi&_geo=1&_rdi=1&_s=1&sid=1734525308&sct=1&seg=0&dl=https%3A%2F%2Fwww.mozilla.org%2Fen-US%2Ffirefox%2Fdownload%2Fthanks%2F%3Fs%3Ddirect%26utm_campaign%3Damo-fx-cta-2464%26utm_content%3Drta%253AZm94eXByb3h5QGVyaWMuaC5qdW5n%26utm_medium%3Dreferral%26utm_source%3Daddons.mozilla.org&dr=https%3A%2F%2Faddons.mozilla.org%2F&dt=Get%20Firefox%20for%20desktop%20%E2%80%94%20Mozilla%20(US)&en=page_view&_fv=1&_ss=1&tfd=3631,204,No Content,47,0,,false,
319,Proxy,Wed Dec 18 18:05:08 IST 2024,POST,https://www.google-analytics.com/g/collect?v=2&tid=G-MQ7767QQQW&gtm=45je4cc1v877483787za200zb71075029&_p=1734525307729&gcd=13l3l3l3l1l1&npa=0&dma=0&tag_exp=101925629~102067555~102067808~102081485~102114365~102198178&cid=1389089652.1734525303&ul=en-us&frm=0&pscdl=noapi&_eu=AEA&_geo=1&_rdi=1&_s=2&sid=1734525308&sct=1&seg=0&dl=https%3A%2F%2Fwww.mozilla.org%2Fen-US%2Ffirefox%2Fdownload%2Fthanks%2F%3Fs%3Ddirect%26utm_campaign%3Damo-fx-cta-2464%26utm_content%3Drta%253AZm94eXByb3h5QGVyaWMuaC5qdW5n%26utm_medium%3Dreferral%26utm_source%3Daddons.mozilla.org&dr=https%3A%2F%2Faddons.mozilla.org%2F&dt=Get%20Firefox%20for%20desktop%20%E2%80%94%20Mozilla%20(US)&en=view_search_results&ep.search_term=direct&_et=4&tfd=3673,204,No Content,42,0,,false,
320,Proxy,Wed Dec 18 18:05:09 IST 2024,POST,https://www.google-analytics.com/g/collect?v=2&tid=G-MQ7767QQQW&gtm=45je4cc1v877483787z871075029za200zb71075029&_p=1734525307729&gcd=13l3l3l3l1l1&npa=0&dma=0&tag_exp=101925629~102067555~102067808~102081485~102114365~102198178&cid=1389089652.1734525303&ul=en-us&frm=0&pscdl=noapi&_geo=1&_rdi=1&sid=1734525308&sct=1&seg=0&dl=https%3A%2F%2Fwww.mozilla.org%2Fen-US%2Ffirefox%2Fdownload%2Fthanks%2F%3Fs%3Ddirect%26utm_campaign%3Damo-fx-cta-2464%26utm_content%3Drta%253AZm94eXByb3h5QGVyaWMuaC5qdW5n%26utm_medium%3Dreferral%26utm_source%3Daddons.mozilla.org&dr=https%3A%2F%2Faddons.mozilla.org%2F&dt=Get%20Firefox%20for%20desktop%20%E2%80%94%20Mozilla%20(US)&_s=3&tfd=4272,204,No Content,40,0,,false,
321,Proxy,Wed Dec 18 18:05:09 IST 2024,POST,https://www.google-analytics.com/g/collect?v=2&tid=G-MQ7767QQQW&gtm=45je4cc1v877483787z871075029za200zb71075029&_p=1734525307729&gcd=13l3l3l3l1l1&npa=0&dma=0&tag_exp=101925629~102067555~102067808~102081485~102114365~102198178&cid=1389089652.1734525303&ul=en-us&frm=0&pscdl=noapi&_geo=1&_rdi=1&_s=4&sid=1734525308&sct=1&seg=0&dl=https%3A%2F%2Fwww.mozilla.org%2Fen-US%2Ffirefox%2Fdownload%2Fthanks%2F%3Fs%3Ddirect%26utm_campaign%3Damo-fx-cta-2464%26utm_content%3Drta%253AZm94eXByb3h5QGVyaWMuaC5qdW5n%26utm_medium%3Dreferral%26utm_source%3Daddons.mozilla.org&dr=https%3A%2F%2Faddons.mozilla.org%2F&dt=Get%20Firefox%20for%20desktop%20%E2%80%94%20Mozilla%20(US)&en=firefox_download&_c=1&ep.product=firefox&ep.platform=win&ep.release_channel=release&ep.download_language=en-US&ep.method=site&ep.gtm_tag_name=GA4%20Event%20-%20product_download&_et=539&tfd=4272,204,No Content,40,0,,false,
322,Proxy,Wed Dec 18 18:05:09 IST 2024,POST,https://www.mozilla.org/submit/bedrock/events/1/5f03bc85-501e-426e-858d-1733d821b7b9,200,OK,307,0,,false,
323,Proxy,Wed Dec 18 18:05:09 IST 2024,GET,https://download.mozilla.org/?product=firefox-stub&os=win&lang=en-US&attribution_code=c291cmNlPWFkZG9ucy5tb3ppbGxhLm9yZyZtZWRpdW09cmVmZXJyYWwmY2FtcGFpZ249YW1vLWZ4LWN0YS0yNDY0JmNvbnRlbnQ9cnRhJTNBWm05NGVYQnliM2g1UUdWeWFXTXVhQzVxZFc1biZleHBlcmltZW50PShub3Qgc2V0KSZ2YXJpYXRpb249KG5vdCBzZXQpJnVhPW90aGVyJmNsaWVudF9pZF9nYTQ9KG5vdCBzZXQpJnNlc3Npb25faWQ9KG5vdCBzZXQpJmRsc291cmNlPW1vem9yZw..&attribution_sig=a9f1b9afaacea2814f0506f9378df9352c0cceab4611ad4ac8ff24e60451bfb9,302,Found,1140,517,,false,
332,Proxy,Wed Dec 18 18:06:03 IST 2024,GET,http://ciscobinary.openh264.org/openh264-win64-2e1774ab6dc6c43debb0b5b628bdf122a391d521.zip,200,OK,673,453023,,false,
